<?xml version="1.0" encoding="UTF-8"?>
<project-private xmlns="http://www.netbeans.org/ns/project-private/1">
    <editor-bookmarks xmlns="http://www.netbeans.org/ns/editor-bookmarks/2" lastBookmarkId="0"/>
    <open-files xmlns="http://www.netbeans.org/ns/projectui-open-files/2">
        <group>
            <file>file:/E:/POO_JogoTabuleiro/src/PeaoPar.java</file>
            <file>file:/E:/POO_JogoTabuleiro/src/Dado.java</file>
            <file>file:/E:/POO_JogoTabuleiro/src/Tabuleiro.java</file>
            <file>file:/E:/POO_JogoTabuleiro/src/Peao.java</file>
            <file>file:/E:/POO_JogoTabuleiro/src/PeaoImpar.java</file>
            <file>file:/E:/POO_JogoTabuleiro/src/Jogador.java</file>
            <file>file:/E:/POO_JogoTabuleiro/src/AppTabuleiro.java</file>
            <file>file:/E:/POO_JogoTabuleiro/src/NumeroMaximoJogadorExcecao.java</file>
        </group>
    </open-files>
</project-private>
